{"mean":{"confidence_interval":{"confidence_level":0.95,"lower_bound":1190.8146854432916,"upper_bound":1195.3349347101394},"point_estimate":1192.9808350242001,"standard_error":1.1612595649463768},"median":{"confidence_interval":{"confidence_level":0.95,"lower_bound":1188.133853327558,"upper_bound":1191.1380145278451},"point_estimate":1189.3017324384407,"standard_error":0.7784759572150051},"median_abs_dev":{"confidence_interval":{"confidence_level":0.95,"lower_bound":5.579830811881464,"upper_bound":9.725935972383446},"point_estimate":7.375735867580749,"standard_error":1.125704601438502},"slope":{"confidence_interval":{"confidence_level":0.95,"lower_bound":1190.4084479005392,"upper_bound":1196.6101537582288},"point_estimate":1193.2808559270152,"standard_error":1.5865379483550497},"std_dev":{"confidence_interval":{"confidence_level":0.95,"lower_bound":8.593535852461114,"upper_bound":14.347840497858153},"point_estimate":11.653676867207887,"standard_error":1.47580395484936}}