{"mean":{"confidence_interval":{"confidence_level":0.95,"lower_bound":239384608.7,"upper_bound":245810257.175},"point_estimate":242337749.0,"standard_error":1645011.0210238246},"median":{"confidence_interval":{"confidence_level":0.95,"lower_bound":236353700.0,"upper_bound":240469600.0},"point_estimate":237675350.0,"standard_error":941952.6728108537},"median_abs_dev":{"confidence_interval":{"confidence_level":0.95,"lower_bound":5857233.586013317,"upper_bound":9832603.025436401},"point_estimate":7110623.603761196,"standard_error":982121.5630255027},"slope":null,"std_dev":{"confidence_interval":{"confidence_level":0.95,"lower_bound":9646911.077165069,"upper_bound":22625759.32223956},"point_estimate":16574378.285748424,"standard_error":3353535.0488055586}}