{"mean":{"confidence_interval":{"confidence_level":0.95,"lower_bound":0.001076163022350308,"upper_bound":0.007970347067398006},"point_estimate":0.0046458583923798535,"standard_error":0.0017530722954460969},"median":{"confidence_interval":{"confidence_level":0.95,"lower_bound":0.0029163324773500143,"upper_bound":0.009101281633367098},"point_estimate":0.006230279842249997,"standard_error":0.0015216492713541311}}