{"mean":{"confidence_interval":{"confidence_level":0.95,"lower_bound":-0.012493463344959207,"upper_bound":-0.0039360854513333845},"point_estimate":-0.008111055272624568,"standard_error":0.002176696977193111},"median":{"confidence_interval":{"confidence_level":0.95,"lower_bound":-0.007283371400995553,"upper_bound":0.00091967791481862},"point_estimate":-0.0038117072465870816,"standard_error":0.0023102596741333596}}