{"mean":{"confidence_interval":{"confidence_level":0.95,"lower_bound":-0.14770669156099683,"upper_bound":0.012561241617741291},"point_estimate":-0.0494378840405999,"standard_error":0.050243242064564944},"median":{"confidence_interval":{"confidence_level":0.95,"lower_bound":0.00032240559689069453,"upper_bound":0.005250392079494626},"point_estimate":0.003172543627299129,"standard_error":0.0012907184066628962}}