{"mean":{"confidence_interval":{"confidence_level":0.95,"lower_bound":0.020821929295233653,"upper_bound":0.032587676538256},"point_estimate":0.02646537655538217,"standard_error":0.0029630498129337986},"median":{"confidence_interval":{"confidence_level":0.95,"lower_bound":0.015203501214853482,"upper_bound":0.029750314680950237},"point_estimate":0.019562909098187697,"standard_error":0.003655663181938016}}