{"mean":{"confidence_interval":{"confidence_level":0.95,"lower_bound":-0.02345447091631529,"upper_bound":0.0057228696642303714},"point_estimate":-0.009509981881147711,"standard_error":0.007523578266115187},"median":{"confidence_interval":{"confidence_level":0.95,"lower_bound":-0.028485687048441455,"upper_bound":-0.011195983210870453},"point_estimate":-0.021964865268580214,"standard_error":0.004298008601590877}}