{"mean":{"confidence_interval":{"confidence_level":0.95,"lower_bound":-0.016907981834472365,"upper_bound":-0.0004289552671095446},"point_estimate":-0.007877098937264404,"standard_error":0.004209439304874278},"median":{"confidence_interval":{"confidence_level":0.95,"lower_bound":-0.0008676237428328768,"upper_bound":0.007699844153904012},"point_estimate":0.0052708422562202095,"standard_error":0.002001814555717257}}